"pm_id","description"
"89","TW-89"
"89(1)","TW-89A"
"90","TW-90"
"87","TW-87"
"88","TW-88"
"82","TW-82"
"86","TW-86"
"83","TW-83"
"85","TW-85"
"84","TW-84"
"79","TW-79"
"80","TW-80"
"78","TW-78"
"77","TW-77"
"75","TW-75"
"66A","TW-66A"
"92","TW-92"
"93","TW-93"
"94","TW-94"
"96","TW-96"
"95","TW-95"
"97","TW-97"
"98","TW-98"
"104A","TW-104A"
"104","TW-104"
"105","TW-105"
"106","TW-106"
"107","TW-107"
"108","TW-108"
"44","REL-44"
"45","REL-45"
"46","REL-46"
"47","REL-47"
"99","TW-99"
"100","TW-100"
"101","TW-101"
"102","TW-102"
"103","TW-103"
"21","TW-21"
"20","TW-20"
"76","TW-76"
"13-R2","RCL-13-R2"
"13R-3","RCL-13R-3"
"13R-4","RCL-13R-4"
"13R-5","RCL-13R-5"
"74","TW-74"
"48","REL-48"
"13R-6","RCL-13R-6"
"49","REL-49"
"50","REL-50"
"51","REL-51"
"51A","REL-51A"
"52","REL-52"
"53","REL-53"
"54","REL-54"
"55","REL-55"
"56","REL-56"
"57","REL-57"
"36","36"
"11","11"
"32","32"
"17","17"
"08A","08A"
"4.2","4.2"
"4.1","4.1"
"31","31"
"42","42"
"62","62"
"73","73"
"58","58"
"61","61"
"31R_TDZ_ROWS 21 to 30","31R_TDZ_ROWS 21 to 30"
"18A","18A"
"22A","REL-22A"
"13R, TW.A, TW.B","13R, TW.A, TW.B"
"9","9"
"34","34"
"38","38"
"64","64"
"10","10"
"13L_TDZ_ROWS 1 to 10","13L_TDZ_ROWS 1 to 10"
"37","37"
"39","39"
"REL27","REL-27"
"25","TW-25"
"26","TW-26"
"28","TW-28"
"30","TW-30"
"29","TW-29"
"13R-1","RCL-13R-1"
"13L-1","RCL-13L-1"
"13L-2","RCL-13L-2"
"REL28","REL-28"
"2","TW-2"
"1","TW-1"
"1A","TW-1A"
"3","TW-3"
"4","TW-4"
"5","TW-5"
"REL29","REL-29"
"REL30","REL-30"
"REL31","REL-31"
"6","TW-6"
"6A","TW-6A"
"REL32","REL-32"
"7","TW-7"
"REL33","REL-33"
"REL34","REL-34"
"8","TW-8"
"13L-4.1","RCL-13L-4.1"
"REL35","REL-35"
"REL36","REL-36"
"REL39","REL-39"
"REL40","REL-40"
"22","TW-22"
"23","TW-23"
"24","TW-24"
"27","TW-27"
"12","dfd"
"91","TW-91"
"81","TW-81"
